<?xml version="1.0" encoding="windows-1252"?>
<Collection name="Contact Manager" guid="{51a67cb6-ea94-497c-896a-979a851be3db}" system="No" updatable="Yes" blockNavigatorNode="No">
	<HelpLink></HelpLink>
	<Help></Help>
	<Addon name="Contact Manager" guid="{57602963-CA46-41EB-8053-8ACB8C47C2F2}" type="Tool">
		<Copy></Copy>
		<CopyText></CopyText>
		<ActiveXProgramID></ActiveXProgramID>
		<DotNetClass><![CDATA[Contensive.Addons.ContactManager.Views.CMngrClass]]></DotNetClass>
		<ArgumentList></ArgumentList>
		<AsAjax>No</AsAjax>
		<Filter>No</Filter>
		<Help></Help>
		<HelpLink><![CDATA[http://Support.Contensive.com/aoContactManager]]></HelpLink>
		<Icon Link="" width="0" height="0" sprites="0" />
		<InIframe>No</InIframe>
		<BlockEditTools>Yes</BlockEditTools>
		<FormXML></FormXML>
		<IncludeAddon name="Bootstrap Javascript" guid="{0D898BA4-E5FC-474A-82A3-E52DEFC307E5}"/>
		<IncludeAddon name="Bootstrap Popper" guid="{78AB19D3-A148-4189-BE0F-C0029A8A0042}"/>
		<IncludeAddon name="Bootstrap Styles" guid="{EF1FD66C-D62F-4BD2-BF07-38F47996EBB3}"/>
		<IsInline>No</IsInline>
		<JavascriptInHead></JavascriptInHead>
		<javascriptForceHead>No</javascriptForceHead>
		<JSHeadScriptSrc><![CDATA[/ContactManager/ContactManager.js]]></JSHeadScriptSrc>
		<!-- deprecated --><JSBodyScriptSrc></JSBodyScriptSrc>
		<!-- deprecated --><JavascriptBodyEnd></JavascriptBodyEnd>
		<!-- deprecated --><JavascriptOnLoad></JavascriptOnLoad>
		<Content>Yes</Content>
		<Template>Yes</Template>
		<Email>No</Email>
		<Admin>Yes</Admin>
		<OnPageEndEvent>No</OnPageEndEvent>
		<OnPageStartEvent>No</OnPageStartEvent>
		<OnBodyStart>No</OnBodyStart>
		<OnBodyEnd>No</OnBodyEnd>
		<RemoteMethod>No</RemoteMethod>
		<ProcessRunOnce>No</ProcessRunOnce>
		<ProcessInterval>0</ProcessInterval>
		<MetaDescription></MetaDescription>
		<OtherHeadTags></OtherHeadTags>
		<PageTitle></PageTitle>
		<RemoteAssetLink></RemoteAssetLink>
		<Styles></Styles>
		<Scripting Language="VBScript" EntryPoint="" Timeout="5000"/>
	</Addon>
	<Resource name="ContactManager.css" type="www" path="/ContactManager" />
	<Resource name="ContactManager.js" type="www" path="/ContactManager" />
</Collection>